M,K,N,num_threads,dtype,qgemm_lut
12288,4096,1,16,int8,0.058213042
4096,4096,1,16,int8,0.022582791
